Squamata,Tropiduridae,,,,Tropidurus sp.
Squamata,Liolaemidae,,,,Phymaturus punae
Squamata,Liolaemidae,,,,Phymaturus somuncurensis
Crocodilia,Crocodylidae,,,,Crocodylus sp.
Squamata,Dipsadidae,,,,Alsophis dorsalis
Squamata,Colubridae,,,,Colubridae sp.
Squamata,Liolaemidae,,,,Liolaemus crandalli
Testudines,Testudinidae,Angulate Tortoise,,,Chersina angulata
Squamata,Liolaemidae,,,,Liolaemus cuyumhue
Squamata,Leiocephalidae,,,,Leiocephalus stictigaster
Squamata,Varanidae,Rock Monitor,,,Varanus albigularis
Squamata,Colubridae,,,Cobra-cipó,Chironius brazili
Squamata,Dactyloidae,Transverse Anole,,,Anolis transversalis
Squamata,Lacertidae,Bluetailed Sandveld Lizard,,,Nucras caesicaudata
Squamata,Lacertidae,Namaqua Sand Lizard,,,Pedioplanis namaquensis
Squamata,Scincidae,African Striped Skink,,,Trachylepis striata
Squamata,Scincidae,Cape Skink,,,Trachylepis capensis
Squamata,Liolaemidae,,,,Liolaemus tregenzai
Squamata,Liolaemidae,,,,Liolaemus buergeri
Squamata,Dactyloidae,Whater Anole,,,Anolis aquaticus
Squamata,Viperidae,,,,Crotalus viridis
Squamata,Liolaemidae,,,,Liolaemus cuyanus
Squamata,Teiidae,,,Jacuruxi,Dracaena guianensis
Squamata,Leiosauridae,,,,Pristidactylus scapulatus
Squamata,Liolaemidae,,,,Liolaemus fitzgeraldi
Squamata,Dactyloidae,Roughskin Anole,,Papa-vento,Anolis trachyderma
Squamata,Elapidae,,,,Micrurus sp.
Squamata,Gekkonidae,Augrabies Gecko,,,Pachydactylus atorquatus
Testudines,Chelydridae,Common Snapping Turtle,,,Chelydra serpentina
Squamata,Leptotyphlopidae,,,,Epictia vellardi
Squamata,Gerrhosauridae,Yellow-throated Plated Lizard,,,Gerrhosaurus flavigularis
Squamata,Liolaemidae,,,,Liolaemus elongatus
Squamata,Leiosauridae,,,,Enyalius leechii
Squamata,Dactyloidae,,,,Anolis gaigei
Squamata,Leiosauridae,,,Papa-vento,Enyalius iheringii
Squamata,Gymnophthalmidae,,,,Cercosaura sp.
Squamata,Teiidae,Western Whiptail,,,Aspidoscelis tigris
Squamata,Colubridae,,,,Thamnodynastes nattereri
Squamata,Liolaemidae,,,,Liolaemus ruibali
Squamata,Chamaeleonidae,Rwenzoni Three -horned Chamaleon,,,Trioceros jonstoni
Squamata,Gymnophthalmoidea,Taylor’s Large-scaled Lizard,,,Alopoglossus plicatus
Squamata,Scincidae,Black-spotted Skink,,Calango-liso,Copeoglossum nigropunctatum
Squamata,Liolaemidae,,,,Liolaemus avilae
Squamata,Liolaemidae,,,,Liolaemus monticola
Squamata,Liolaemidae,,,,Liolaemus kolengh
Squamata,Teiidae,,,,Holcosus festivus
Squamata,Dactyloidae,,,,Anolis callainus
Squamata,Liolaemidae,,,,Liolaemus gracielae
Squamata,Amphisbaenidae,,,,Amphisbaena bolivica
Squamata,Teiidae,,,,Ameiva sp.
Squamata,Liolaemidae,,,,Liolaemus loboi
Squamata,Liolaemidae,,,,Liolaemus cyanogaster
Squamata,Liolaemidae,,,,Liolaemus smaug
Squamata,Scincidae,,,,Emoia atrocostata
Squamata,Iguanidae,,,,Basiliscus galeritus
Squamata,Gymnophthalmidae,,,,Colobodactylus taunayi
Squamata,Varanidae,Nile Monitor,,,Varanus niloticus
Squamata,Leiosauridae,,,,Enyalius bilineatus
Squamata,Liolaemidae,,,,Liolaemus inacayali
Squamata,Tropiduridae,,,,Uracentron flaviceps
Squamata,Colubridae,,,Cobra-verde,Erythrolamprus typhlus
Squamata,Lacertidae,Shovel Snouted Lizard,,,Meroles anchietae
Squamata,Polychrotidae,,,,Anolis homolechis
Squamata,Gekkonidae,Bibrons Dickfingergecko,,,Chondrodactylus bibronii
Squamata,Scincidae,Rainbow Rock Skink,,,Trachylepis margaritifera
Squamata,Gekkonidae,Cape Dwarf Gecko,,,Lygodactylus capensis
Squamata,Leiosauridae,,,,Enyalius perditus
Squamata,Tropiduridae,Guarani Spiny Lizard,,Lagarto-guarani,Tropidurus guarani
Squamata,Liolaemidae,,,,Liolaemus rothi
Squamata,Liolaemidae,,,,Liolaemus huacahuasicus
Squamata,Varanidae,Clouded Monitor,,,Varanus nebulosus
Squamata,Teiidae,,,,Cnemidophorus tigris
Squamata,Tropiduridae,,,Calango,Tropidurus itambere
Squamata,Lamprophiidae,Common Brown Water Snake,,,Lycodonomorphus rufulus
Squamata,Lacertidae,,,,Podarcis erhardii
Squamata,Liolaemidae,,,,Liolaemus shitan
Squamata,Gymnophthalmidae,Ocellated Tegu,,Lagartinho-do-folhiço,Cercosaura ocellata
Squamata,Leiosauridae,,,,Pristidactylus nigroiugulus
Squamata,Cordylidae,Augrabies Flat Lizard,,,Platysaurus broadleyi
Squamata,Amphisbaenidae,Uncertain Worm Lizard,,Cobra-de-duas-cabeças,Amphisbaena dubia
Squamata,Liolaemidae,,,,Liolaemus lentus
Squamata,Liolaemidae,,,,Liolaemus wiegmannii
Squamata,Leiocephalidae,,,,Leiocephalus lunatus
Testudines,Trionychidae,Chinese Softshell Turtle,,,Pelodiscus sinensis
Squamata,Teiidae,,,Teiú,Teius sp.
Squamata,Boidae,Amazon Banded Snake,,Falsa-coral,Rhinobothryum lentiginosum
Squamata,Liolaemidae,,,,Liolaemus ditadai
Squamata,Liolaemidae,,,,Liolaemus melanops
Squamata,Gymnophthalmidae,,,,Pholidobolus vertebralis
Testudines,Emydidae,Painted Turtle,,,Chrysemys picta
Squamata,Colubridae,Jensen´s Ground Snak,,Falsa-coral,Xenopholis undulatus
Squamata,Phyllodactylidae,,,,Thecadactylus solimoensis
Squamata,Gekkonidae,,,,Lepidodactylus lugubris
Squamata,Iguanidae,Andros Island Iguana,,,Cyclura cychlura
Squamata,Sphaerodactylidae,Meridian Gecko,,Lagartixa-do-mediterrâneo,Coleodactylus meridionalis
Squamata,Phrynosomatidae,,,,Sceloporus chrysostictus
Squamata,Sphaerodactylidae,,,Lagartixinha,Chatogekko amazonicus
Squamata,Teiidae,,,,Cnemidophorus serranus
Squamata,Iguanidae,,,,Conolophus pallidus
Squamata,Liolaemidae,,,,Liolaemus yalguaraz
Squamata,Phyllodactylidae,,,,Homonota uruguayensis
Squamata,Liolaemidae,,,,Liolaemus josei
Squamata,Leiosauridae,,,,Pristidactylus torquatus
Squamata,Iguanidae,,,,Anolis aequatorialis
Squamata,Iguanidae,,,,Plica plica
Squamata,Dactyloidae,Many-scaled Anole,,,Anolis polylepis
Squamata,Liolaemidae,,,,Liolaemus tirantii
Squamata,Dactyloidae,,,,Anolis jubar
Squamata,Dactyloidae,Grass Anole,,,Anolis auratus
Squamata,Gekkonidae,Common House Gecko,,,Hemidactylus frenatus
Squamata,Alopoglossidae,,,,Alopoglossus buckleyi
Squamata,Viperidae,Two-striped Forest-pitviper,,Jararaca-verde,Bothrops bilineatus
Squamata,Agamidae,Ground Agama,,,Agama aculeata
Squamata,Liolaemidae,,,,Liolaemus hugoi
Squamata,Lacertidae,,,,Psammodromus algirus
Squamata,Phrynosomatidae,,,,Sceloporus magister
Squamata,Gymnophthalmidae,,,,Placosoma cordylinum
Squamata,Liolaemidae,,,,Liolaemus flavipiceus
Squamata,Dactyloidae,,,,Anolis osa
Squamata,Iguanidae,Panther Anole (st. Kitts Morph),,,Anolis bimaculatus
Squamata,Dactyloidae,,,,Anolis gracilipes
Squamata,Anguidae,,,,Ophiodes fragilis
Squamata,Liolaemidae,,,,Liolaemus robertmertensi
Crocodilia,Alligatoridae,,,Jacaré-paguá,Paleosuchus palpebrosus
Squamata,Teiidae,,,,Aurivela tergolaevigatus
Squamata,Leiocephalidae,,,,Leiocephalus personatus
Squamata,Colubridae,Common Garter Snake,,,Thamnophis sirtalis
Squamata,Liolaemidae,,,,Liolaemus sp.
Squamata,Boidae,Emerald Tree Boa,,Periquitamboia,Corallus batesii
Squamata,Dactyloidae,,,Calango-bandeira,Anolis meridionalis
Squamata,Liolaemidae,,,,Liolaemus pagaburoi
Squamata,Tropiduridae,,,Tamaquaré,Uranoscodon superciliosus
Squamata,Liolaemidae,,,,Liolaemus terani
Squamata,Phrynosomatidae,,,,Sceloporus tristichus
Squamata,Tropiduridae,Peters´ Lava Lizard,,,Tropidurus hispidus
Squamata,Tropiduridae,,,Lagartixa,Tropidurus oreadicus
Squamata,Gymnophthalmidae,Red Neusticurus,,,Neusticurus rudis
Squamata,Leiosauridae,,,,Leiosaurus jaguaris
Squamata,Phrynosomatidae,,,,Sceloporus sp.
Squamata,Liolaemidae,,,,Liolaemus pseudoanomalus
Squamata,Liolaemidae,,,,Liolaemus uspallatensis
Squamata,Liolaemidae,,,,Liolaemus parvus
Squamata,Scincidae,,,,Mabuya bistriata
Squamata,Liolaemidae,,,,Liolaemus camarones
Testudines,Pelomedusidae,Marsh Terrapin,,,Pelomedusa subrufa
Squamata,Tropiduridae,,,,Stenocercus caducus
Squamata,Amphisbaenidae,Wagler´s Worm Lizard,,,Amphisbaena vermicularis
Squamata,Gymnophthalmidae,,,,Neusticurus bicarinatus
Squamata,Diploglossidae,Banded Galliwasp,,Briba,Diploglossus fasciatus
Squamata,Colubridae,,,Cobra-cipó,Chironius fuscus
Squamata,Elapidae,Aquatic Coral Snake,,Coral-verdadeira,Micrurus surinamensis
Squamata,Gerrhosauridae,Rough-scaled Plated Lizard,,,Gerrhosaurus major
Squamata,Liolaemidae,,,,Liolaemus kulinko
Squamata,Teiidae,Aruban Whiptail,,,Cnemidophorus arubensis
Squamata,Cordylidae,Black Girdled Lizard,,,Cordylus niger
Crocodilia,Alligatoridae,Spectacled Caiman,,,Caiman crocodilus
Squamata,Liolaemidae,,,,Liolaemus burmeisteri
Squamata,Colubridae,,,,Chironius sp.
Squamata,Viperidae,Common Lancehead,,Surucucu,Bothrops atrox
Squamata,Dactyloidae,,,,Anolis antonii
Squamata,Dactyloidae,Bark Anole,,Calango,Anolis ortonii
Squamata,Dactyloidae,Amazon Green Anole,,,Anolis punctatus
Squamata,Gerrhosauridae,Common Giant Plated Lizard,,,Matobosaurus validus
Squamata,Dipsadidae,,,Papa-rã,Echinanthera cephalostriata
Squamata,Teiidae,Forest Whiptail,,,Kentropyx pelviceps
Squamata,Colubridae,,,,Apostolepis sp.
Squamata,Liolaemidae,,,,Phymaturus palluma
Squamata,Typhlopidae,Schlegel´s Beaked Blind Snake,,,Afrotyphlops schlegelii
Squamata,Teiidae,,,,Kentropyx vanzoi
Squamata,Boidae,Rainbow Boa,,Jibóia-arco-íris,Epicrates cenchria
Squamata,Viperidae,,,Jararaca-pintada,Bothrops marmoratus
Squamata,Liolaemidae,,,,Liolaemus calchaqui
Squamata,Phyllodactylidae,,,,Homonota whitii
Squamata,Liolaemidae,,,,Liolaemus crepuscularis
Squamata,Phrynosomatidae,Common Side-blotched Lizard,,,Uta stansburiana
Testudines,Chelidae,,,Jabuti-machado,Platemys platycephala
Squamata,Phyllodactylidae,Brazilian Gecko,,Lagartixa-de-pedra,Phyllopezus pollicaris
Squamata,Tropiduridae,Striped Lava Lizard,,Lagartixa-do-lajeiro,Tropidurus semitaeniatus
Squamata,Liolaemidae,,,,Liolaemus dorbignyi
Testudines,Emydidae,Florida Redbelly Turtle,,Tartaruga-de-barriga-vermelha-da-florida,Pseudemys nelsoni
Squamata,Liolaemidae,,,,Liolaemus riojanus
Squamata,Colubridae,,,,Hydrodynastes bicinctus
Squamata,Phyllodactylidae,,,Lagartixa-da-amazônia,Thecadactylus rapicauda
Squamata,Teiidae,,,,Cnemidophorus gaigei
Squamata,Gymnophthalmidae,,,,Cercosaura argulus
Squamata,Colubridae,,,,Leptodeira rhombifera
Squamata,Elapidae,Caatinga Coral Snake,,Cobra-coral-da-caatinga,Micrurus ibiboboca
Squamata,Dactyloidae,,,,Anolis brasiliensis
Squamata,Dipsadidae,,,Muçurana,Pseudoboa nigra
Squamata,Sphaerodactylidae,Trinidad Gecko,,,Gonatodes humeralis
Squamata,Gekkonidae,Common Giant Gecko,,,Chondrodactylus angulifer
Squamata,Dipsadidae,,,Corredeira-do-mato-de-duas-listras,Dibernardia bilineata
Testudines,Testudinidae,Speke´s Hinged Tortoise,,,Kinixys spekii
Squamata,Tropiduridae,Lesser Ornate Whorltail Iguana,,,Stenocercus ornatissimus
Squamata,Colubridae,Common Red Blackhead,,Falsa-coral,Apostolepis assimilis
Squamata,Liolaemidae,,,,Liolaemus diaguita
Squamata,Scincidae,Red-sided Skink,,,Trachylepis homalocephala
Testudines,Emydidae,,,,Trachemys callirostris
Squamata,Polychrotidae,,,,Anolis concolor
Squamata,Liolaemidae,,,,Liolaemus galactostictos
Squamata,Liolaemidae,,,,Liolaemus moradoensis
Squamata,Leiosauridae,,,,Leiosaurus catamarcensis
Crocodilia,Crocodylidae,,,,Crocodylus porosus
Squamata,Gekkonidae,Okavango Dwarf Gecko,,,Lygodactylus chobiensis
Squamata,Viperidae,,,Jararaca-pintada,Bothrops neuwiedi
Squamata,Elapidae,,,Coral-verdadeira,Micrurus decoratus
Squamata,Elapidae,Hemprich´s Coral Snake,,Coral-verdadeira,Micrurus hemprichii
Squamata,Liolaemidae,,,,Liolaemus kriegi
Squamata,Tropiduridae,,,,Microlophus maminensis
Squamata,Dactyloidae,,,,Anolis hispaniolae
Squamata,Boidae,Garden Tree Boa,,Suaçuboia,Corallus hortulana
Squamata,Dipsadidae,,,,Sordellina punctata
Squamata,Dactyloidae,Brown-eared Anole,,,Anolis fuscoauratus
Squamata,Scincidae,,,,Eutropis multifasciata
Squamata,Agamidae,Southern African Rock Agama,,,Agama atra
Squamata,Liolaemidae,,,,Liolaemus pacha
Squamata,Agamidae,Brown Pricklenape,,,Acanthosaura lepidogaster
Squamata,Colubridae,,,,Lampropeltis abnorma
Squamata,Elapidae,,,Coral-verdadeira,Micrurus lemniscatus
Squamata,Liolaemidae,,,,Liolaemus olongasta
Squamata,Dactyloidae,Slender Anole,,,Anolis limifrons
Squamata,Viperidae,,,,Bothrops sp.
Squamata,Liolaemidae,,,,Liolaemus multicolor
Squamata,Viperidae,Speckled Forest Pit Viper,,Jararaca-cinzenta,Bothrops taeniatus
Testudines,Emydidae,Peninsular Cooter,,,Pseudemys peninsularis
Squamata,Tropiduridae,,,,Tropidurus melanopleurus
Squamata,Colubridae,Northern Water Snake,,,Nerodia sipedon
Squamata,Liolaemidae,,,,Liolaemus carlosgarini
Squamata,Scincidae,Variable Skink,,,Trachylepis varia
Squamata,Anguidae,Sothern Alligator Lizard,,,Elgaria multicarinata
Squamata,Atractaspididae,Common Purple-glossed Snake,,,Amblyodipsas polylepis
Squamata,Polychrotidae,Brown Anole,,,Anolis sagrei
Squamata,Scincidae,,,,Trachylepis wahlbergi
Squamata,Leiosauridae,,,Lagartixa,Anisolepis grilli
Squamata,Phyllodactylidae,,,,Homonota septentrionalis
Squamata,Teiidae,Plateau Striped Whiptail,,,Aspidoscelis velox
Squamata,Gymnophthalmidae,,,,Placosoma glabellum
Squamata,Liolaemidae,,,,Liolaemus famatinae
Squamata,Cordylidae,Sekhukhune Flat Lizard,,,Platysaurus orientalis
Squamata,Liolaemidae,,,,Phymaturus denotatus
Testudines,Chelidae,Tuberculate Toad-headed Turtle,,Cágado-do-nordeste,Mesoclemmys tuberculata
Squamata,Tropiduridae,Spiny Whorltail Iguana,,,Stenocercus crassicaudatus
Squamata,Dipsadidae,Variegated Snail-eater,,Dormideira,Dipsas variegata
Squamata,Agamidae,Red Headed Agama,Agama Común,,Agama agama
Squamata,Agamidae,,Agamo Roqueño De Namibia,,Agama planiceps
Squamata,Colubridae,Wagler´s Sipo,Aguaje Machaco,Surucucu-facão,Chironius scurrulus
Crocodilia,Alligatoridae,American Alligator,Aligátor Americano,,Alligator mississippiensis
Squamata,Teiidae,Tiger Ameiva,Ameiva Centroamericana,,Ameiva festiva
Squamata,Teiidae,,Ameiva Chrysolaema,,Pholidoscelis chrysolaemus
Squamata,Teiidae,Four- Lined Ameiva,Ameiva Cuatro Líneas,,Ameiva quadrilineata
Squamata,Teiidae,Cuban Ameiva,Ameiva Cubana,,Ameiva auberi
Squamata,Teiidae,Giant Ameiva,Ameiva Gigante,,Ameiva praesignis
Squamata,Teiidae,Barred Ameiva O Rainbow Ameiva,Ameiva Manchada,,Ameiva undulata
Squamata,Boidae,Yellow Anaconda,Anaconda Amarilla,Anaconda-amarela,Eunectes notaeus
Squamata,Boidae,,Anaconda Verde,,Eunectes murinus
Squamata,Dactyloidae,Goldenscale Anole,Anolis Camaleoncito,,Anolis planiceps
Squamata,Dactyloidae,Ground Anole,Anolis Común,,Anolis humilis
Squamata,Polychrotidae,,Anolis Común de los Jardines,,Anolis distichus
Squamata,Dactyloidae,Crested Anole,Anolis Crestado,,Anolis cristatellus
Squamata,Dactyloidae,Copper Anole,Anolis de Bosque Seco,,Anolis cupreus
Squamata,Dactyloidae,,Anolis De Rio,,Anolis lionotus
Squamata,Dactyloidae,Giant Anole,Anolis Gigante,,Dactyloa microtus
Squamata,Dactyloidae,Giant Banded Anole,Anolis Gigante de Bandas,,Anolis insignis
Squamata,Dactyloidae,,Anolis Jaspeado,,Anolis capito
Squamata,Polychrotidae,Hispaniolan Green Anole,Anolis Verde,,Anolis chlorocyanus
Squamata,Polychrotidae,Neotropical Green Anole,Anolis Verde Arborícola,,Norops biporcatus
Squamata,Dactyloidae,American Green Anole,Anolis Verde del Noreste,Anolis Verde,Anolis carolinensis
Squamata,Corytophanidae,Common Basilisk,Basilisco Común,,Basiliscus basiliscus
Squamata,Corytophanidae,Plumed Basilisk,Basilisco Verde,,Basiliscus plumifrons
Squamata,Leiocephalidae,,Bayoya,,Leiocephalus cubensis
Squamata,Leiocephalidae,,Bayoya de Playa,,Leiocephalus raviceps
Squamata,Colubridae,Golden-eyed Parrotsnake,Bejuquilla,,Leptophis depressirostris
Squamata,Colubridae,,Bejuquilla Café,,Oxybelis koehleri
Squamata,Colubridae,Plain Tree Snake,Bejuquilla Lisa,,Imantodes inornatus
Squamata,Dipsadidae,Blunthead Tree Snake,Bejuquilla Manchada,Dorme-dorme,Imantodes cenchoa
Squamata,Colubridae,Mexican Vine Snake,Bejuquilla Marrón,,Oxybelis aeneus
Squamata,Boidae,Annulated Tree Boa,Boa Arborícola Anillada,,Corallus annulatus
Squamata,Boidae,Argentinian Rainbow Boa,Boa Arco Iris Chaqueña,,Epicrates alvarezi
Squamata,Boidae,,Boa Constrictora,,Boa constrictor
Squamata,Viperidae,Eyelash Viper,Bocaracá,,Bothriechis schlegelii
Squamata,Viperidae,Blotched Palm-pitviper,Bocaracá Manchada,,Bothriechis supraciliaris
Squamata,Teiidae,Delicate Ameiva,Borriguero,,Holcosus leptophrys
Squamata,Phrynosomatidae,Ornate Tree Lizard,Cachorita,Lagartixa-ornada,Urosaurus ornatus
Crocodilia,Crocodylidae,,Caimán Enano,,Paleosuchus trigonatus
Crocodilia,Alligatoridae,,Caimán Negro,,Melanosuchus niger
Squamata,Viperidae,,Caizaca,,Bothrops moojeni
Squamata,Chamaeleonidae,,Camaleón de Casco,,Trioceros hoehnelii
Squamata,Chamaeleonidae,,Camaleón Orejero,,Chamaeleo dilepis
Squamata,Colubridae,,Caracolera,,Dipsas williamsi
Squamata,Colubridae,Bicolor Snail-eater,Caracolera Bicolor,,Dipsas bicolor
Squamata,Colubridae,Cloudy Snail-eating Snake,Caracolera Común,Cobra Dorminhoca,Sibon nebulatus
Squamata,Colubridae,Ringed Snail Sucker,Caracolera De Anillos Rojos,,Sibon annulatus
Squamata,Dipsadidae,Neuwied´s Tree Snake,Caracolera Gris,Dormideira,Dipsas neuwiedi
Squamata,Colubridae,Snail-eater,Caracolera Neotropical,,Dipsas bucephala
Squamata,Colubridae,Catesby´s Snail-eater,Caracolera Pintada,A papa-lesma,Dipsas catesbyi
Squamata,Viperidae,Central American Neotropical Rattlesnake,Cascabel Centroamericana,,Crotalus simus
Testudines,Podocnemididae,,Charupa Arrau,,Podocnemis expansa
Squamata,Liolaemidae,,Chelco de San Guillermo,,Liolaemus eleodori
Squamata,Polychrotidae,Allison´s Anole,Chipojo Verde,,Anolis allison
Squamata,Anguidae,,Cobra de Vidrio,,Ophiodes striatus
Squamata,Elapidae,Cape Cobra,Cobra Del Cabo,,Naja nivea
Squamata,Colubridae,Common Green Racer,Cobra Verde,Lora,Chlorosoma viridissimum
Squamata,Colubridae,Striped Sharpnose Snake,Cobra-Cipo,Mucurana-bicuda,Xenoxybelis argenteus
Crocodilia,Crocodylidae,American Crocodile,Cocodrilo Americano,,Crocodylus acutus
Crocodilia,Crocodylidae,Morelet´s Crocodile,Cocodrilo de Pantano,,Crocodylus moreletii
Crocodilia,Crocodylidae,Nile Crocodile,Cocodrilo del Nilo,,Crocodylus niloticus
Squamata,Teiidae,,Cola De Látigo De Curazao,,Cnemidophorus murinus
Squamata,Colubridae,Wied´s Keelback,Coral de Agua,Cobra D´Água Litorânea,Helicops carinicaudus
Squamata,Elapidae,Costa Rican Coral Snake,Coral de Costa Rica,,Micrurus mosquitensis
Squamata,Colubridae,Amazon False Coral Snake,Coral Falsa,Itirapina,Oxyrhopus rhombifer
Squamata,Colubridae,Costa Rican Milk Snake,Coral Falsa Estranguladora,,Lampropeltis triangulum
Squamata,Elapidae,Mesopotamian Coral Snake,Coral Mesopotámica,,Micrurus baliocoryphus
Squamata,Colubridae,Cuyo White-black Necklace,Coralina Cuyana,,Phalotris cuyanus
Squamata,Colubridae,Tricolored Burrowing Snake,Coralina Tricolor,Coral-Falsa,Phalotris tricolor
Squamata,Colubridae,,Coralita,,Erythrolamprus dorsocorallinus
Squamata,Colubridae,Cuban Lesser Racer,Corredor Menor Cubano,,Caraiba andreae
Squamata,Colubridae,South American Forest Racer,Corredora Café Del Bosque Sudamericano,,Dendrophidion percarinatum
Squamata,Colubridae,Speckled Racer,Corredora Elegante,,Drymobius margaritiferus
Squamata,Colubridae,Southern Black Racer,Corredora Negra,,Coluber constrictor
Squamata,Colubridae,Salmon-bellied Racer,Corredora Panza Rosada,,Mastigodryas melanolomus
Squamata,Colubridae,Ribbon Snake,Culebra Acintada,,Taeniophallus poecilopogon
Squamata,Colubridae,Golden Liophis,Culebra Acuática,Cobra Preta de Banhado,Erythrolamprus semiaureus
Squamata,Colubridae,,Culebra Acuatica Serrana,,Lygophis vanzolinii
Squamata,Colubridae,Degenhardt´s Scorpion-eating Snake,Culebra Alacranera,,Stenorrhina degenhardtii
Squamata,Colubridae,Peru Slender Snake,Culebra Andina,,Tachymenis peruviana
Squamata,Colubridae,Boomslang,Culebra Arboricola De El Cabo,,Dispholidus typus
Squamata,Colubridae,Günther´s Green Racer,Culebra Arenera,,Philodryas psammophidea
Squamata,Colubridae,,Culebra Cabeza Negra,,Tantilla sp.
Squamata,Colubridae,South American Coffeesnake,Culebra Cafetalera de Cuello Rojo,,Ninia atrata
Squamata,Colubridae,Wide Ground Snake,Culebra Castaña de Vientre Rojo,,Psomophis obtusus
Squamata,Colubridae,Common bilineate Blackhead,Culebra Cavadora Misionera,Cobra-Coral,Apostolepis dimidiata
Squamata,Colubridae,Miranda Green Racer,Culebra Chaqueña,Parelheira,Philodryas mattogrossensis
Squamata,Leptotyphlopidae,Tucuman Threadsnake,Culebra Ciega,,Epictia albipuncta
Squamata,Colubridae,Pampas Snake,Culebra Comebabosas Misionera,Cobra-espada,Tomodon dorsatus
Squamata,Dipsadidae,Military Ground Snake,Culebra de Agua,Cobra D´ Água,Erythrolamprus miliaris
Squamata,Colubridae,Brown-banded Watersnake,Culebra de Agua de Bandas Marrones,Cobra-d´água-do-litoral,Helicops angulatus
Squamata,Colubridae,Florida Watersnake,Culebra de Agua de la Florida,,Nerodia fasciata
Squamata,Colubridae,Serra Snake,Culebra de Bosque Atlántico,Jararaquinha,Tropidodryas serra
Squamata,Colubridae,Chilean Slender Snake,Culebra de Cola Corta,,Tachymenis chilensis
Squamata,Colubridae,Chilean Green Racer,Culebra de Cola Larga,,Philodryas chamissonis
Squamata,Colubridae,Dumeril´s Diadem Snake,Culebra de Collar,,Phalotris lemniscatus
Squamata,Colubridae,Double Striped Snake,Culebra de Dos Líneas,,Phalotris bilineatus
Squamata,Colubridae,,Culebra de Lema,,Lygophis dilepis
Squamata,Colubridae,Almaden Ground Snake,Culebra de los Campos,Jararaquinha-do-campo,Erythrolamprus almadensis
Squamata,Colubridae,,Culebra de los Esteros,,Helicops infrataeniatus
Squamata,Colubridae,False Tomodon Snake,Culebra de Monte Ocelada,,Pseudotomodon trigonatus
Squamata,Colubridae,,Culebra de Olfers,,Philodryas olfersii
Squamata,Colubridae,,Culebra de Sierra de la Ventana,,Lygophis elegantissimus
Squamata,Dipsadidae,,Culebra De Tierra Costarricense,,Geophis brachycephalus
Squamata,Colubridae,Broad-striped Ground Snake,Culebra de Tres Bandas,Jararaca Listada Sureña,Lygophis meridionalis
Squamata,Colubridae,Brazilian Cipo,Culebra de Vid Negra,Cobra-Cipó-Preta,Chironius laevicollis
Squamata,Colubridae,,Culebra de Vientre Rojo,,Helicops leopardinus
Squamata,Colubridae,,Culebra de Vincha,,Taeniophallus occipitalis
Squamata,Colubridae,Patagonian Green Racer,Culebra del Pastizal,,Philodryas patagoniensis
Squamata,Colubridae,Ladder Snake,Culebra Escalera,,Rhinechis scalaris
Squamata,Colubridae,Crowned False Boa,Culebra Escarlata Amazónica,Coral-Macho,Pseudoboa coronata
Squamata,Dipsa,Tropical Forest Snake,Culebra Jaspeada,Cobra-espada Dos Pampa,Calamodontophis paucidens
Squamata,Colubridae,Lyre Snake,Culebra Lira,,Trimorphodon quadruplex
Squamata,Colubridae,Gunther´s Ground Snake,Culebra Listada,Corredeira-listrada,Lygophis anomalus
Squamata,Colubridae,Boettger´s Sipo,Culebra Listada Cabeza Marrón,Caninana Marrom Listada,Chironius flavolineatus
Squamata,Colubridae,,Culebra Manchada,,Thamnodynastes strigatus
Squamata,Colubridae,Jan´s Green Racer,Culebra Manchada de Las Yungas,,Philodryas varia
Squamata,Colubridae,Brown Culebra,Culebra Marrón,Mucurana Marrom,Paraphimophis rustica
Squamata,Colubridae,Spotted Snake,Culebra Moteada,,Erythrolamprus sagittifer
Squamata,Colubridae,Reticulate Ground Snake,Culebra Nuca Negra,Fura-Fura,Atractus reticulatus
Squamata,Colubridae,Chaco Mock Viper,Culebra Ocrácea Chaqueña,Jararaca Corredeira,Thamnodynastes chaquensis
Squamata,Colubridae,Keeled Sepia Snake,Culebra Ojo de Gato,Corredeira Carenada,Thamnodynastes hypoconia
Squamata,Colubridae,Common Cat-eyed Snake,Culebra Ojo de Gato Bandada,Jararaca-de-Patioba,Leptodeira annulata
Squamata,Colubridae,Burrowing Night Snake,Culebra Pampeana,Papa-Aranha,Philodryas agassizii
Squamata,Dipsadidae,Blue Flanked Leaf Litter Snake,Culebra Panza Azul,Corredeira-do-mato,Echinanthera cyanopleura
Squamata,Colubridae,Banded Pampas Snake,Culebra Picuda Listada,Mucurana-bicuda das Pampas,Phimophis vittatus
Squamata,Colubridae,Mousehole Snake,Culebra Ratonera,,Philodryas trilineata
Squamata,Colubridae,South American Sipo,Culebra Sudamericana,Cobra-cipó,Chironius foveatus
Squamata,Colubridae,Central Sipo,Culebra Trepadora Chaqueña,Chaco Cipó,Chironius maculoventris
Squamata,Colubridae,Linnaeus Sipo,Culebra Trepadora Misionera,Cobra-cipó,Chironius exoletus
Squamata,Colubridae,Brazilian Green Racer,Culebra Verde,,Philodryas aestiva
Squamata,Colubridae,Parrot Snake,Culebra Verde Áspera,,Leptophis ahaetulla
Squamata,Colubridae,Gunther´s Green Liophis,Culebra Verde Chaqueña,,Erytrholamprus albertguentheri
Squamata,Colubridae,Blunt-headed Hispaniolan Vinesnake,Culebra Verde de la Hispaniola,,Uromacer catesbyi
Squamata,Colubridae,Baron´s Green Racer,Culebra Verde Ñata,,Philodryas baroni
Squamata,Colubridae,,Culebra Verde Oliva,,Chironius bicarinatus
Squamata,Colubridae,Jaeger´s Ground Snake,Culebra Verde Panza Rosada,Cobra-d´água-verde,Erythrolamprus jaegeri
Squamata,Colubridae,Yellow bellied Snake,Culebra Verde y Negra,Cobra-do-capim,Erythrolamprus poecilogyrus
Squamata,Colubridae,,Culebra Viperina,,Natrix maura
Squamata,Colubridae,American Mangrove Snake,Culebra Yungueña,,Erythrolamprus ceii
Squamata,Dipsadidae,Neo-Tropical Snail-eater,Culebrita Cabezona,Come-lesma,Dipsas indica
Squamata,Dipsadidae,Banded Blunt-headed Vine Snake,Dormilona De Bandas,,Imantodes gemmistratus
Squamata,Agamidae,Eastern Water Dragon,Dragón de Agua Australiano,,intellagama lesueurii
Squamata,Agamidae,Chinese Water Dragon,Dragon de Agua Chino,,Physignathus cocincinus
Squamata,Scincidae,Striped Litter Skink,Esquinco Rayado,,Sphenomorphus cherriei
Squamata,Colubridae,Ecuadorian Milksnake,Falsa Coral Interandina,,Lampropeltis micropholis
Squamata,Colubridae,South American False Coralsnake,Falsa Coral Misionera,Cobra-Coral-Falsa,Erythrolamprus aesculapii
Squamata,Colubridae,Banded Hog-nosed Snake,Falsa Coral Ñata,,Xenodon pulcher
Squamata,Dipsadidae,Guibe´s Flame Snake,Falsa Coral Oscura,Falsa-coral,Oxyrhopus guibei
Squamata,Colubridae,Forest Flame Snake,Falsa Coral Real,Falsa Coral Real,Oxyrhopus petolarius
Squamata,Colubridae,,Falsa Coral Semianillada,,Xenodon semicinctus
Squamata,Dipsadidae,Duméril´s False Coral Snake,Falsa Coral Serrana,Falsa-coral,Oxyrhopus clathratus
Squamata,Colubridae,Toad-Eating Snake,Falsa Yarará,,Xenodon merremii
Squamata,Dipsadidae,Neuwied´s False Fer-de-lance,Falsa Yarará Misionera,Quiriripitá,Xenodon neuwiedii
Squamata,Colubridae,Ringed Hognose Snake,Falsa Yarará Ñata,Nariguda,Xenodon dorbignyi
Squamata,Colubridae,,Falsa Yarará Ocelada,,Tomodon ocellatus
Squamata,Aniliidae,,Falsa-coral,Falsa-coral,Anilius scytale
Squamata,Polychrotidae,,Falso Camaleón,,Polychrus acutirostris
Testudines,Geoemydidae,,Galápago Leproso,,Mauremys leprosa
Squamata,Phyllodactylidae,Western Leaf-toed Gecko,Gecko,,Phyllodactylus lepidopygus
Squamata,Gekkonidae,Tropical Banded Gecko,Gecko Bandeado Centroamericano,,Coleonyx mitratus
Squamata,Phyllodactylidae,Darwin´s Gecko,Gecko de Darwin,,Homonota darwini
Squamata,Phyllodactylidae,,Gecko de la Sierra de la Ventana,,Homonota williamsii
Squamata,Sphaerodactylidae,,Geco Cabeza Amarilla,,Gonatodes albogularis
Squamata,Gekkonidae,Mediterranean House Gecko,Geco Casero del Mediterráneo,,Hemidactylus turcicus
Squamata,Carphodactylidae,Thick-tailed Gecko/ Barking Gecko,Geco de Cola Gruesa,,Underwoodisaurus milii
Squamata,Gekkonidae,Eastern Pygmy Gecko,Geco Enano del Este,,Sphaerodactylus homolepis
Squamata,Phyllodactylidae,,Geko,,Homonota horrida
Squamata,Phyllodactylidae,Amerafrican House Gecko,Geko Centro-Africano,,Hemidactylus mabouia
Squamata,Phyllodactylidae,,Geko del Monte,,Homonota underwoodi
Squamata,Phyllodactylidae,Borelli´s Marked Gecko,Geko Norteño,,Homonota borellii
Squamata,Colubridae,Yellowbelly Snake,Guardacaminos Café,,Coniophanes fissidens
Squamata,Dipsadidae,Striped Litter Snake,Hojarasquera Rayada,,Rhadinella serperaster
Squamata,Teiidae,,Huico Siete Líneas,,Aspidoscelis deppii
Squamata,Teiidae,,Huico Yucateco,,Aspidoscelis angusticeps
Squamata,Iguanidae,,Iguana Cubana,,Cyclura nubila
Squamata,Leiosauridae,,Iguana De Cobre,,Pristidactylus casuhatiensis
Squamata,Iguanidae,Galapagos Land Iguana,Iguana de Tierra de Galapagos,,Conolophus subcristatus
Squamata,Iguanidae,,Iguana Espinosa Del Golfo,,Ctenosaura acanthura
Squamata,Iguanidae,,Iguana Marina,,Amblyrhynchus cristatus
Squamata,Iguanidae,,Iguana Negra,,Ctenosaura pectinata
Squamata,Iguanidae,Spiny Tailed Iguana,Iguana Rayada,,Ctenosaura similis
Squamata,Iguanidae,Rhinoceros Iguana,Iguana Rinoceronte,,Cyclura cornuta
Squamata,Iguanidae,,Iguana Verde,,Iguana iguana
Testudines,Emydidae,,Jamaican Slider,,Trachemys terrapen
Testudines,Emydidae,Mesoamerican Slider,Jicotea,,Trachemys venusta
Squamata,Colubridae,Cuban Racer,Jubo Gris,,Cubophis cantherigerus
Squamata,Scincidae,,Lagartija Amberé,,Aspronema dorsivittatum
Squamata,Gymnophthalmidae,,Lagartija Andina Listada,,Proctoporus xestus
Squamata,Polychrotidae,Anole Lizard,Lagartija Anolis,,Norops humilis
Squamata,Liolaemidae,,Lagartija Arco Iris,,Liolaemus silvanae
Squamata,Teiidae,,Lagartija Arcoíris,,Holcosus undulatus
Squamata,Liolaemidae,,Lagartija Austral,,Liolaemus darwinii
Squamata,Teiidae,Rainbow Whiptail,Lagartija Azul,,Cnemidophorus lemniscatus
Squamata,Liolaemidae,Light Blue Lizard,Lagartija Celeste,,Liolaemus coeruleus
Squamata,Liolaemidae,,Lagartija Chaqueña,,Liolaemus chacoensis
Squamata,Liolaemidae,,Lagartija Cola de Piche,,Phymaturus yachanana
Squamata,Gymnophthalmidae,,Lagartija Cola Roja,,Vanzosaura rubricauda
Squamata,Lacertidae,,Lagartija Colirroja,,Acanthodactylus erythrurus
Squamata,Teiidae,,Lagartija Corredora Común,,Ameiva chrysolaema
Squamata,Liolaemidae,Abaucan Lizard´s,Lagartija de Abaucán,,Liolaemus abaucan
Squamata,Gymnophthalmidae,,Lagartija De Agua,,Centrosaura apodema
Squamata,Gymnophthalmidae,Golden Spectacled Tegu,Lagartija De Anteojos,,Gymnophthalmus speciosus
Squamata,Gymnophthalmidae,Largescale Lizard,Lagartija de Anteojos Café,,Ptychoglossus plicatus
Squamata,Liolaemidae,,Lagartija de Boulenger,,Liolaemus boulengeri
Squamata,Liolaemidae,Fitzinger´s Tree Iguana,Lagartija De Cabeza Verde,,Liolaemus fitzingerii
Squamata,Scincidae,,Lagartija de Cristal,,Notomabuya frenata
Squamata,Liolaemidae,,Lagartija de Deseado,,Liolaemus lineomaculatus
Squamata,Polychrotidae,Canopy Lizard,Lagartija De Dosel,,Polychrus gutturosus
Squamata,Liolaemidae,El Bagual´s Lizard,Lagartija de El Bagual,,Liolaemus baguali
Squamata,Liolaemidae,,Lagartija de Fabián,,Liolaemus fabiani
Squamata,Liolaemidae,,Lagartija De Fiambala,,Liolaemus poecilochromus
Squamata,Tropiduridae,,Lagartija de Freiberg,,Stenocercus doellojuradoi
Squamata,Liolaemidae,,Lagartija De Goetsch,,Liolaemus goetschi
Squamata,Liolaemidae,,Lagartija de King,,Liolaemus kingii
Squamata,Liolaemidae,Koslowsky Lizard´s,Lagartija de Koslowsky,,Liolaemus koslowskyi
Squamata,Liolaemidae,Araucania Lizard,Lagartija de La Araucania,,Liolaemus araucaniensis
Squamata,Liolaemidae,,Lagartija de la Meseta del Lago Buenos Aires,,Liolaemus archeforus
Squamata,Liolaemidae,,Lagartija de la Payunia,,Liolaemus austromendocinus
Squamata,Liolaemidae,,Lagartija de la Puna,,Liolaemus puna
Squamata,Tropiduridae,,Lagartija de Lava de Española,,Microlophus delanonis
Squamata,Tropiduridae,,Lagartija de Lava de Galápagos,,Microlophus albemarlensis
Squamata,Tropiduridae,,Lagartija de Lava de San Cristóbal,,Microlophus bivattatus
Squamata,Liolaemidae,,Lagartija De Los Escarchados,,Liolaemus escarchadosi
Squamata,Liolaemidae,Mapuche´s Lizard,Lagartija de los Mapuches,,Liolaemus mapuche
Squamata,Liolaemidae,,Lagartija de los Médanos,,Liolaemus multimaculatus
Squamata,Liolaemidae,Martori´s Lizard,Lagartija De Martori,,Liolaemus martorii
Squamata,Liolaemidae,,Lagartija de Quinteros,,Liolaemus quinterosi
Squamata,Liolaemidae,,Lagartija de Rawson,,Liolaemus xanthoviridis
Squamata,Liolaemidae,Sarmiento´s Lizard,Lagartija De Sarmiento,,Liolaemus sarmientoi
Squamata,Liolaemidae,Silva’s Lizard,Lagartija de Silva,,Liolaemus silvai
Squamata,Liolaemidae,,Lagartija de Tandilia,,Liolaemus tandiliensis
Squamata,Liolaemidae,Painted Tree Iguana,Lagartija de Vientre Anaranjado,,Liolaemus pictus
Squamata,Liolaemidae,,Lagartija del Copahue,,Liolaemus neuquensis
Squamata,Teiidae,,Lagartija del Suquía,,Teius suquiensis
Squamata,Liolaemidae,Slender Jeweled Lizard,Lagartija Esbelta,,Liolaemus tenuis
Squamata,Phrynosomatidae,,Lagartija Espinosa De Panza Rosada,,Sceloporus variabilis
Squamata,Phrynosomatidae,Mesquite Lizard,Lagartija Espinosa del Mezquite,Lagarto-mesquita,Sceloporus grammicus
Squamata,Phrynosomatidae,Guatemalan Emerald Spiny Lizard,Lagartija Espinosa Esmeralda Chiapaneca,,Sceloporus taeniocnemis
Squamata,Phrynosomatidae,Green Spiny Lizard,Lagartija Espinosa Malaquita,,Sceloporus malachiticus
Squamata,Liolaemidae,Slender Lizard,Lagartija Gracil,,Liolaemus gracilis
Squamata,Liolaemidae,Shoulder Tree Iguana,Lagartija Hombro Negro,,Liolaemus scapularis
Squamata,Lacertidae,,Lagartija Ibérica,,Podarcis hispanica
Squamata,Lacertidae,Italian Wall Lizard,Lagartija Italiana,,Podarcis sicula
Squamata,Teiidae,Jujuy Whiptail,Lagartija Jujeña de los Valles,,Contomastix leachei
Squamata,Liolaemidae,,Lagartija Lemniscata,,Liolaemus lemniscatus
Squamata,Liolaemidae,,Lagartija Lemniscata Falsa,,Liolaemus pseudolemniscatus
Squamata,Agamidae,Common Buterfly Lizard,Lagartija Mariposa,,Leiolepis belliana
Squamata,Gymnophthalmidae,,Lagartija Negra,,Cercosaura schreibersii
Squamata,Liolaemidae,,Lagartija Negra,,Liolaemus umbrifer
Squamata,Gymnophthalmidae,Parker´s Many-fingered Teiid,Lagartija Negra Yungueña,Lagartinho Do Folhiço Do Pantanal,Cercosaura parkeri
Squamata,Liolaemidae,Blackish-green Lizard,Lagartija Negro Verdosa,,Liolaemus nigroviridis
Squamata,Liolaemidae,,Lagartija Nitida,,Liolaemus nitidus
Squamata,Liolaemidae,Ornate Tree Iguana,Lagartija Ornamentada,,Liolaemus ornatus
Squamata,Lacertidae,,Lagartija Parda,,Podarcis liolepis
Squamata,Liolaemidae,,Lagartija Patagónica,,Liolaemus bibronii
Squamata,Teiidae,Red Long-tailed Ututu Teiid,Lagartija Patas Rojas,,Aurivela longicauda
Squamata,Liolaemidae,Periglacial Lizzard,Lagartija Periglacial,,Liolaemus hatcherii
Squamata,Tropiduridae,,Lagartija Peruana,,Microlophus peruvianus
Squamata,Lacertidae,,Lagartija Roquera,,Podarcis muralis
Squamata,Liolaemidae,Stone Loving Lizard,Lagartija Rupestre,,Liolaemus petrophilus
Squamata,Teiidae,Striped Forest Whiptail,Lagartija Selvática Rayada,,Kentropyx calcarata
Squamata,Teiidae,,Lagartija Serrana Cordobesa,,Contomastix serrana
Squamata,Liolaemidae,Shady Lizard,Lagartija Triste,,Liolaemus tristis
Squamata,Liolaemidae,,Lagartija Vallista,,Liolaemus quilmes
Squamata,Liolaemidae,,Lagartija Verde,,Liolaemus gununakuna
Squamata,Teiidae,Bibron´s Whiptail,Lagartija Verde de Cinco Dedos,,Contomastix lacertoides
Squamata,Teiidae,,Lagartija Verde Listada,,Ameivula abalosi
Squamata,Tropiduridae,Harlequin Racerunner,Lagartijas de Labios Azules,,Plica umbra
Squamata,Tropiduridae,Pink-belied Lizard,Lagartijo Yungueño,,Stenocercus roseiventris
Squamata,Agamidae,Blue Headed Tree Agama,Lagarto Agama Cabeza Azul,,Acanthocercus atricollis
Squamata,Agamidae,Mwanza Flat-headed Rock Agama,Lagarto Agama Cabeza Plana,,Agama mwanzae
Squamata,Leiosauridae,,Lagarto Arborícola Chaqueño,,Urostrophus gallardoi
Squamata,Lacertidae,,Lagarto Atlántico,,Gallotia atlantica
Squamata,Teiidae,Caiman Lizard,Lagarto Caimán,,Dracaena paraguayensis
Squamata,Lacertidae,,Lagarto Canario Moteado,,Gallotia intermedia
Squamata,Liolaemidae,,Lagarto Cola de Piche,,Phymaturus extrilidus
Squamata,Liolaemidae,,Lagarto Cola de Piche,,Phymaturus roigorum
Squamata,Liolaemidae,,Lagarto Cola De Piche Del Famatina,,Phymaturus mallimaccii
Squamata,Teiidae,Red Tegu Lizard,Lagarto Colorado,,Salvator rufescens
Squamata,Teiidae,,Lagarto Colorado Del Cerrado,,Salvator duseni
Squamata,Liolaemidae,,Lagarto Comechingón,,Liolaemus saxatilis
Squamata,Leiosauridae,,Lagarto de Cobre,,Pristidactylus achalensis
Squamata,Liolaemidae,,Lagarto de la Payunia,,Phymaturus payuniae
Squamata,Liolaemidae,,Lagarto de las Rocas de Zapala,,Phymaturus zapalensis
Squamata,Liolaemidae,,Lagarto De Lo Valdés,,Liolaemus valdesianus
Squamata,Tropiduridae,,Lagarto de los Quebrachales,,Tropidurus spinulosus
Squamata,Liolaemidae,,Lagarto de Rocas,,Phymaturus verdugo
Squamata,Liolaemidae,Zapallaren Tree Iguana,Lagarto de Zapallar,,Liolaemus zapallarensis
Squamata,Anguidae,Montane Alligator Lizard,Lagarto Escorpión Costarricense,,Abronia monticola
Squamata,Lacertidae,,Lagarto Gigante de Gran Canaria,,Gallotia stehlini
Squamata,Liolaemidae,,Lagarto Llorón,,Liolaemus chiliensis
Squamata,Lacertidae,,Lagarto Ocelado,,Timon lepidus
Squamata,Liolaemidae,Brown Tree Iguana,Lagarto Oscuro,,Liolaemus fuscus
Squamata,Teiidae,White-and-black Tegu Lizard,Lagarto Overo,Teiú-gigante,Salvator merianae
Squamata,Lacertidae,,Lagarto Tizón,,Gallotia galloti
Squamata,Tropiduridae,,Lagarto Trepador,Lagarto-espinhoso,Tropidurus catalanensis
Squamata,Tropiduridae,,Lagarto Trepador Chaqueño,,Tropidurus etheridgei
Squamata,Tropiduridae,,Lagarto Trepador Oriental,,Tropidurus torquatus
Squamata,Teiidae,,Lagarto Verde,,Teius oculatus
Squamata,Teiidae,Amazon Racerunner,Lagarto Verde,,Ameiva ameiva
Squamata,Teiidae,,Lobito Isleño,,Cnemidophorus espeuti
Squamata,Anguidae,,Lucion,,Anguis fragilis
Squamata,Viperidae,Picado´s Pitviper,Mano de Piedra Costarricense,,Atropoides picadoi
Squamata,Viperidae,Central American Jumping Pitviper,Mano de Piedra Real,,Atropoides mexicanus
Squamata,Viperidae,Bushmaster,Matabuey Real,,Lachesis stenophrys
Squamata,Leiosauridae,,Matuasto,,Diplolaemus bibronii
Squamata,Leiosauridae,,Matuasto,,Leiosaurus bellii
Squamata,Leiosauridae,,Matuasto del Palo,,Leiosaurus paronae
Squamata,Leiosauridae,Great Lizard,Matuasto Leopardo,,Diplolaemus leopardinus
Squamata,Colubridae,Amazon Coachwhip,Mica Café,Acutimboia,Chironius carinatus
Squamata,Colubridae,Ebony Keelback,Mica Negra,,Chironius grandisquamis
Testudines,Testudinidae,,Morrocoy Amazonico,,Chelonoidis denticulata
Squamata,Colubridae,,Mussurana Negra,,Clelia clelia
Squamata,Colubridae,Yellow Head Mussurana,Musurana,Muçurana De Faixa Vermelha,Boiruna maculata
Squamata,Colubridae,Two-colored Mussurana,Musurana Bicolor,,Mussurana bicolor
Squamata,Colubridae,Paraná False Boa,Musurana de la Araucaria,Falsa Muçurana,Pseudoboa haasi
Squamata,Colubridae,,Ñacanina de Bañado,,Hydrodynastes gigas
Squamata,Colubridae,Rio Tropical Racer,Ñacaniñá de Monte,Jararacuçú do Brejo,Palusophis bifossatus
Squamata,Colubridae,,Ñanduriré Común,Dormideira,Dipsas turgida
Squamata,Colubridae,Boulenger´s Tree Snake,Ñanduriré Panza Overa,Dormideira,Dipsas ventrimaculata
Squamata,Scincidae,Noronha Skink,Noronha Escinco,Mabuia,Trachylepis atlantica
Squamata,Colubridae,Northern Cat-eyed Snake,Ojos de Gato Manchada,,Leptodeira septentrionalis
Squamata,Colubridae,Puffing Snake,Pajarera,,Phrynonax poecilonotus
Squamata,Gekkonidae,,Perenquén De Delalande,,Tarentola delalandii
Squamata,Leiocephalidae,,Perrito de Costa,,Leiocephalus carinatus
Squamata,Corytophanidae,Smoothhead Helmeted Basilisk,Perro Zompopo,,Corytophanes cristatus
Squamata,Pythonidae,,Pitón Reticulada,,Malayopython reticulatus
Squamata,Viperidae,Black-headed Bushmaster,Plato Negro,,Lachesis melanocephala
Squamata,Elapidae,,Rabo de Ají,,Micrurus mipartitus
Squamata,Colubridae,Zweifel’s Ground Snake,Reinita,,Erythrolamprus zweifeli
Squamata,Phyllodactylidae,Wall Gecko,Salamanquesa Común,,Tarentola mauritanica
Squamata,Anomalepididae,Ternetz´s Blind Snake,Serpiente Ciega De Ternetz,,Liotyphlops ternetzii
Squamata,Viperidae,,Serpiente de Cascabel,,Crotalus triseriatus
Squamata,Elapidae,Souther Coral Snake,Serpiente De Coral,,Micrurus altirostris
Squamata,Elapidae,,Serpiente De Coral Chaqueña,,Micrurus pyrrhocryptus
Squamata,Elapidae,,Serpiente De Coral Roja Y Negra,,Micrurus corallinus
Squamata,Anguidae,,Serpiente de Cristal,,Ophiodes vertebralis
Squamata,Colubridae,Godman´s Earth Snake,Serpiente De Tierra De Godman,,Geophis godmani
Squamata,Dipsadidae,Guanabara Spotted Night Snake,Serpiente Nocturna Manchada de Guanabara,Falsa-Coral,Siphlophis pulcher
Squamata,Colubridae,,Serpiente Sabanera,,Atractus crassicaudatus
Squamata,Colubridae,Dark-bellied Sipo,Sipo Chaqueño,,Chironius quadricarinatus
Squamata,Viperidae,South American Bushmaster,Surucucú,,Lachesis muta
Squamata,Viperidae,Rainforest Hog-nosed Pitviper,Tamagá,,Porthidium nasutum
Squamata,Teiidae,,Tegu Dorado,,Tupinambis teguixin
Squamata,Viperidae,,Terciopelo,,Bothrops asper
Squamata,Colubridae,False Fer-de-lance Snake,Terciopelo Falsa,Achatadeira,Xenodon rabdocephalus
Squamata,Teiidae,,Teyú,,Teius teyou
Squamata,Colubridae,Tiger Rat Snake,Tigra Cazadora,,Spilotes pullatus
Squamata,Viperidae,Black & Green Palm Pitviper,Toboba Arborícola de Altura,,Bothriechis nigroviridis
Squamata,Viperidae,Godman´s Pitviper,Toboba de Altura,,Cerrophidion godmani
Squamata,Corytophanidae,,Torok,,Basiliscus vittatus
Testudines,Kinosternidae,,Tortuga Barrosa,,Kinosternon scorpioides
Testudines,Cheloniidae,Loggerhead Sea Turtle,Tortuga Cabezona,Tartaruga Cabeçuda,Caretta caretta
Testudines,Chelidae,Big-headed Pantanal Swamp Turtle,Tortuga Canaleta Paraguaya,Tartaruga-do-pantanal,Acanthochelys macrocephala
Testudines,Kinosternidae,White-lipped Mud Turtle,Tortuga Candado Amarilla,,Kinosternon leucostomum
Testudines,Cheloniidae,,Tortuga Carey,,Eretmochelys imbricata
Testudines,Chelidae,Chaco Side-necked Turtle,Tortuga Chaqueña de Canaleta,,Acanthochelys pallidipectoris
Testudines,Emydidae,Cuban Slider,Tortuga Cubana,,Trachemys decussata
Testudines,Chelidae,Argentine Snake-necked Turtle,Tortuga Cuello de Serpiente,,Hydromedusa tectifera
Testudines,Chelidae,,Tortuga de Arroyo,,Phrynops williamsi
Testudines,Emydidae,Florida Box Turtle,Tortuga de Caja de la Florida,Tartaruga-de-caixa-da-flórida,Terrapene carolina
Testudines,Chelidae,,Tortuga de Canaleta Oriental,,Acanthochelys spixii
Testudines,Trionychidae,Florida Softshell Turtle,Tortuga de Caparazon Blanda de la Florida,,Apalone ferox
Testudines,Trionychidae,Nile Softshell Turtle,Tortuga de Caparazon Blanda del Nilo,,Trionyx triunguis
Testudines,Pelomedusidae,Serrated Hinged Terrapin,Tortuga de Fango Serrada,,Pelusios sinuatus
Testudines,Chelidae,,Tortuga de Geoffroy,,Phrynops geoffroanus
Testudines,Testudinidae,Gopher Tortoise,Tortuga de la Florida,,Gopherus polyphemus
Testudines,Chelidae,,Tortuga de Laguna,,Phrynops hilarii
Testudines,Emydidae,Red-eared Slider,Tortuga De Orejas Rojas,Tartaruga-de-orelha-vermelha,Trachemys scripta
Testudines,Emydidae,,Tortuga de Puerto Rico,,Trachemys stejnegeri
Testudines,Testudinidae,,Tortuga Gigante de San Cristóbal,,Chelonoidis chathamensis
Testudines,Testudinidae,,Tortuga Gigante de Santa Cruz,,Chelonoidis porteri
Testudines,Dermochelyidae,,Tortuga Laúd,,Dermochelys coriacea
Testudines,Testudinidae,,Tortuga Leopardo,,Stigmochelys pardalis
Testudines,Testudinidae,,Tortuga Mora,,Testudo graeca
Testudines,Geoemydidae,,Tortuga Negra,,Rhinoclemmys funerea
Testudines,Cheloniidae,Olive Ridley Sea Turtle,Tortuga Olivácea,Tartaruga-Oliva,Lepidochelys olivacea
Testudines,Emydidae,,Tortuga Pintada,,Trachemys dorbigni
Testudines,Podocnemididae,,Tortuga Terecay,,Podocnemis unifilis
Testudines,Testudinidae,,Tortuga Terrestre Argentina,,Chelonoidis chilensis
Testudines,Cheloniidae,Green Turtle,Tortuga Verde,Tartaruga Verde,Chelonia mydas
Testudines,Testudinidae,,Tortuga Yabotí,,Chelonoidis carbonaria
Squamata,Chamaeleonidae,Jackson´s Horned Chameleon,Trioceros De Jackson,,Trioceros jacksonii
Squamata,Phyllodactylidae,Przewalsky´s Gecko,Ututo Chaqueño,,Phyllopezus przewalskii
Squamata,Varanidae,Asian Water Monitor,Varano Acuatico,,Varanus salvator
Squamata,Varanidae,Ornate Monitor,Varano Ornatus,,Varanus ornatus
Squamata,Viperidae,Puff Adder,Vibora Bufadora,,Bitis arietans
Squamata,Viperidae,South American Rattlesnake,Víbora Cascabel,,Crotalus durissus
Squamata,Amphisbaenidae,,Vibora Ciega,,Amphisbaena darwini
Squamata,Anomalepididae,,Víbora Ciega,,Liotyphlops beui
Squamata,Amphisbaenidae,,Víbora Ciega,,Amphisbaena plumbea
Squamata,Amphisbaenidae,,Víbora De Dos Cabezas,,Amphisbaena heterozonata
Squamata,Viperidae,,Vibora de Palma Verde,,Bothriechis lateralis
Squamata,Leptotyphlopidae,,Viborita Ciega,,Rena unguirostris
Squamata,Leptotyphlopidae,,Víborita Ciega,,Siagonodon borrichianus
Squamata,Amphisbaenidae,,Viborita Ciega de Cabeza en Cuña,,Amphisbaena kingii
Squamata,Anguidae,Middle Worm Snake,Viborita de Bigotes,,Ophiodes intermedius
Squamata,Anguidae,,Víborita de Cristal Olivácea,,Ophiodes yacupoi
Squamata,Leptotyphlopidae,,Viborita de Dos Cabezas,,Epictia australis
Squamata,Leptotyphlopidae,Rio Grande Do Sul Blind Snake,Viborita de Dos Cabezas de Munoa,,Epictia munoai
Crocodilia,Alligatoridae,Yacare Caiman,Yacaré Negro,Jacaré-do-pantanal,Caiman yacare
Crocodilia,Alligatoridae,Broad-snouted Caiman,Yacaré Overo,Jacaré-do-papo-amarelo,Caiman latirostris
Squamata,Viperidae,,Yara,,Bothrops pubescens
Squamata,Viperidae,Jonathan´s Lancehead,Yarará Boliviana,,Bothrops jonathani
Squamata,Viperidae,,Yarará Chica,,Bothrops diporus
Squamata,Viperidae,Mato Grosso Lancehead,Yarará Chica Yungueña,,Bothrops mattogrossensis
Squamata,Viperidae,,Yarará Grande,Urutú,Bothrops alternatus
Squamata,Viperidae,,Yarará Ñata,,Bothrops ammodytoides
Squamata,Viperidae,,Yararaca,,Bothrops jararaca
Squamata,Viperidae,Jararacussu,Yararacusú,Jararacuçu,Bothrops jararacussu